;Fmorph_a_dens_mvee;Fmorph_v_dens_conv_hull;Fstat_cov;Fih_P10;Fivh_V90;Fcm_joint_max;Fcm_diff_var;lymphnode_class
HSG_FDG_CRCa_043;0.5252006765161509;0.7639113649730821;0.3204285502433777;9.0;0.0200584225900681;0.0028826751225136;78.49667088002032;0.0